<?xml version="1.0"?>
<!--
  ~ 2013-2016 Nosto Solutions Ltd
  ~
  ~ NOTICE OF LICENSE
  ~
  ~ This source file is subject to the Academic Free License (AFL 3.0)
  ~ that is bundled with this package in the file LICENSE.txt.
  ~ It is also available through the world-wide-web at this URL:
  ~ http://opensource.org/licenses/afl-3.0.php
  ~ If you did not receive a copy of the license and are unable to
  ~ obtain it through the world-wide-web, please send an email
  ~ to contact@nosto.com so we can send you a copy immediately.
  ~
  ~ DISCLAIMER
  ~
  ~ Do not edit or add to this file if you wish to upgrade PrestaShop to newer
  ~ versions in the future. If you wish to customize PrestaShop for your
  ~ needs please refer to http://www.prestashop.com for more information.
  ~
  ~ @author    Nosto Solutions Ltd <contact@nosto.com>
  ~ @copyright 2013-2016 Nosto Solutions Ltd
  ~ @license   http://opensource.org/licenses/afl-3.0.php  Academic Free License (AFL 3.0)
  -->

<!--suppress XmlUnboundNsPrefix -->
<ruleset name="NostoPHPSDK">
    <description>Nosto PHP SDK coding standards</description>
    <rule ref="PSR1"/>
    <rule ref="PSR2">
        <exclude name="PSR1.Classes.ClassDeclaration.MissingNamespace"/>
        <exclude name="PSR2.ControlStructures.ControlStructureSpacing.SpacingAfterOpenBrace"/>
    </rule>
    <exclude-pattern>*/vendor/*</exclude-pattern>
    <exclude-pattern>*/tests/*</exclude-pattern>
    <exclude-pattern>*/phpseclib/*</exclude-pattern>
    <exclude-pattern>*.js</exclude-pattern>
</ruleset>
